date;academie;nombre_classes_fermees;nombre_structures_fermees;periode_vacances;protocole_en_vigueur
2020-09-18;Amiens;;1;0;2
2020-09-18;Dijon;;1;0;2
2020-09-18;Toulouse;;12;0;2
2020-09-18;Poitiers;;3;0;2
2020-09-18;Clermont-Ferrand;;1;0;2
2020-09-18;Créteil;;2;0;2
2020-09-18;Martinique;;0;0;2
2020-09-25;Amiens;51;0;0;2
2020-09-25;Nancy-Metz;1;1;0;2
2020-09-25;Besançon;15;0;0;2
2020-09-25;Nice;3;0;0;2
2020-09-25;Corse;0;0;0;2
2020-09-25;Rennes;74;2;0;2
2020-09-25;Guyane;0;0;0;2
2020-09-25;La Réunion;95;0;0;2
2020-10-02;Lille;76;0;0;2
2020-10-02;Dijon;7;0;0;2
2020-10-02;Lyon;33;0;0;2
2020-10-02;Grenoble;4;0;0;2
2020-10-02;Nice;2;0;0;2
2020-10-02;Orléans-Tours;2;0;0;2
2020-10-02;Nantes;4;0;0;2
2020-10-02;Versailles;26;0;0;2
2020-10-02;La Réunion;4;0;0;2
2020-10-09;Nancy-Metz;3;0;0;2
2020-10-09;Dijon;8;0;0;2
2020-10-09;Montpellier;51;0;0;2
2020-10-09;Orléans-Tours;8;0;0;2
2020-10-16;Lyon;10;0;0;2
2020-10-16;Limoges;5;1;0;2
2020-10-16;Paris;10;0;0;2
2020-11-06;Reims;0;0;0;2
2020-11-06;Strasbourg;0;0;0;2
2020-11-06;Dijon;0;0;0;2
2020-11-06;Grenoble;0;1;0;2
2020-11-06;Aix-Marseille;0;0;0;2
2020-11-06;Montpellier;1;0;0;2
2020-11-06;Clermont-Ferrand;0;0;0;2
2020-11-06;Guyane;0;0;0;2
2020-11-13;Besançon;2;0;0;2
2020-11-13;Lyon;0;3;0;2
2020-11-13;Nice;3;0;0;2
2020-11-13;Montpellier;23;0;0;2
2020-11-13;Nantes;2;0;0;2
2020-11-13;La Réunion;6;0;0;2
2020-11-20;Grenoble;12;2;0;2
2020-11-20;Aix-Marseille;7;2;0;2
2020-11-20;Nice;2;4;0;2
2020-11-20;Clermont-Ferrand;1;0;0;2
2020-11-27;Amiens;3;0;0;2
2020-11-27;Dijon;2;0;0;2
2020-11-27;Lyon;0;1;0;2
2020-11-27;Nice;2;4;0;2
2020-11-27;Clermont-Ferrand;1;0;0;2
2020-11-27;Créteil;5;0;0;2
2020-12-04;Strasbourg;12;0;0;2
2020-12-04;Lyon;1;1;0;2
2020-12-04;Montpellier;17;0;0;2
2020-12-04;Toulouse;2;2;0;2
2020-12-04;Bordeaux;4;1;0;2
2020-12-04;Clermont-Ferrand;2;1;0;2
2020-12-04;Versailles;15;1;0;2
2020-12-04;Paris;7;0;0;2
2020-12-04;Martinique;0;0;0;2
2020-12-04;Guyane;0;0;0;2
2020-12-11;Amiens;5;0;0;2
2020-12-11;Grenoble;7;1;0;2
2020-12-11;Nice;10;0;0;2
2020-12-11;Toulouse;5;4;0;2
2020-12-11;Bordeaux;6;3;0;2
2020-12-11;Poitiers;5;1;0;2
2020-12-11;Nantes;3;0;0;2
2020-12-11;Rennes;2;0;0;2
2020-12-11;Normandie;2;0;0;2
2020-12-11;Versailles;6;2;0;2
2020-12-18;Lille;10;0;0;2
2020-12-18;Lyon;0;0;0;2
2020-12-18;Nice;4;1;0;2
2020-12-18;Limoges;13;0;0;2
2020-12-18;Orléans-Tours;8;3;0;2
2020-12-18;Versailles;3;0;0;2
2020-12-18;Créteil;4;0;0;2
2020-12-18;Guadeloupe;0;0;0;2
2020-12-18;Mayotte;0;0;0;2
2021-01-08;Reims;0;0;0;2
2021-01-08;Rennes;0;0;0;2
2021-01-08;Guadeloupe;0;0;0;2
2021-01-08;Guyane;0;0;0;2
2021-01-08;La Réunion;0;0;0;2
2021-01-15;Grenoble;4;3;0;2
2021-01-15;Bordeaux;11;1;0;2
2021-01-15;Poitiers;2;0;0;2
2021-01-15;Nantes;4;0;0;2
2021-01-15;Créteil;5;3;0;2
2021-01-15;Guadeloupe;0;0;0;2
2021-01-15;Mayotte;0;0;0;2
2021-01-22;Nancy-Metz;3;0;0;2
2021-01-22;Dijon;11;0;0;2
2021-01-22;Corse;0;0;0;2
2021-01-22;Clermont-Ferrand;12;4;0;2
2021-01-22;Rennes;15;2;0;2
2021-01-22;Normandie;6;0;0;2
2021-01-22;La Réunion;0;0;0;2
2021-01-29;Besançon;17;0;0;2
2021-01-29;Grenoble;15;4;0;2
2021-01-29;Nice;25;4;0;2
2021-01-29;Toulouse;32;9;0;2
2021-01-29;Bordeaux;27;2;0;2
2021-01-29;Clermont-Ferrand;4;3;0;2
2021-01-29;Orléans-Tours;24;4;0;2
2021-01-29;Normandie;9;5;0;2
2021-01-29;Guadeloupe;2;0;0;2
2021-01-29;Mayotte;1;1;0;2
2021-02-05;Lille;53;2;0;2
2021-02-05;Nancy-Metz;23;2;0;2
2021-02-05;Nice;18;3;0;2
2021-02-05;Clermont-Ferrand;23;8;0;2
2021-02-05;Rennes;26;5;0;2
2021-02-05;La Réunion;3;0;0;2
2021-02-05;Mayotte;21;5;0;2
2021-02-12;Orléans-Tours;44;7;0;2
2021-02-19;Nancy-Metz;543;24;0;3
2021-02-19;Strasbourg;71;4;0;3
2021-02-19;Lyon;;;1;3
2021-02-19;Clermont-Ferrand;;;1;3
2021-02-19;Versailles;;;1;3
2021-02-19;Guadeloupe;;;1;3
2021-02-19;Mayotte;;;confinement;3
2021-02-26;Grenoble;5;0;0;3
2021-02-26;Nice;;;1;3
2021-02-26;Toulouse;;;1;3
2021-02-26;Poitiers;1;1;0;3
2021-02-26;Nantes;;;1;3
2021-02-26;Versailles;;;1;3
2021-02-26;Créteil;;;1;3
2021-02-26;Paris;;;1;3
2021-02-26;La Réunion;53;0;0;3
2021-03-05;Lyon;35;0;0;3
2021-03-05;Nice;;;1;3
2021-03-05;Nantes;;;1;3
2021-03-12;Besançon;38;1;0;3
2021-03-12;Lyon;57;1;0;3
2021-03-12;Grenoble;64;6;0;3
2021-03-12;Rennes;10;1;0;3
2021-03-12;La Réunion;0;0;0;3
2021-03-19;Lille;160;5;0;3
2021-03-19;Corse;8;0;0;3
2021-03-19;Bordeaux;57;4;0;3
2021-03-19;Clermont-Ferrand;20;2;0;3
2021-03-19;Versailles;224;5;0;3
2021-03-26;Amiens;152;2;0;3
2021-03-26;Nancy-Metz;303;9;0;3
2021-03-26;Grenoble;100;9;0;3
2021-03-26;Montpellier;102;12;0;3
2021-03-26;Limoges;45;4;0;3
2021-03-26;Nantes;102;4;0;3
2021-03-26;Créteil;536;17;0;3
2021-03-26;Paris;160;3;0;3
2021-03-26;Mayotte;35;4;0;3
2021-04-02;Lille;1280;11;0;4
2021-04-02;Dijon;114;5;0;4
2021-04-02;Lyon;924;3;0;4
2021-04-02;Grenoble;178;14;0;4
2021-04-02;Poitiers;45;2;0;4
2021-04-02;Normandie;492;15;0;4
2021-04-02;Créteil;2198;16;0;4
2021-04-02;Guyane;0;0;0;4
2021-04-02;Mayotte;20;4;0;4
2021-04-30;Limoges;14;1;0;5
2021-04-30;Paris;30;0;0;5
2021-05-07;Strasbourg;194;3;0;5
2021-05-07;Dijon;119;3;0;5
2021-05-07;Montpellier;141;0;0;5
2021-05-07;Orléans-Tours;228;4;0;5
2021-05-21;Aix-Marseille;72;0;0;5
2021-05-21;Bordeaux;194;3;0;5
2021-05-21;Versailles;697;0;0;5
2021-05-28;Lille;261;1;0;5
2021-05-28;Amiens;215;0;0;5
2021-05-28;Dijon;168;2;0;5
2021-06-04;Nancy-Metz;156;1;0;5
2021-06-04;Martinique;1;0;0;5
2021-06-04;Guyane;0;0;0;5
2021-06-11;Amiens;83;0;0;5
2021-06-11;Nancy-Metz;59;0;0;5
2021-06-11;Grenoble;100;1;0;5
2021-06-11;Aix-Marseille;34;2;0;5
2021-06-11;Toulouse;174;1;0;5
2021-06-11;Poitiers;16;2;0;5
2021-06-11;Limoges;25;1;0;5
2021-06-11;Normandie;168;0;0;5
2021-06-18;Dijon;14;0;0;5
2021-06-18;Grenoble;46;0;0;5
2021-06-18;Nice;20;0;0;5
2021-06-18;Bordeaux;95;0;0;5
2021-06-18;Limoges;12;0;0;5
2021-06-18;Clermont-Ferrand;15;0;0;5
2021-06-18;Rennes;77;0;0;5
2021-06-18;Versailles;150;0;0;5
2021-06-18;Guadeloupe;1;0;0;5
2021-06-18;La Réunion;10;0;0;5
2021-06-25;Martinique;0;0;0;5
2021-06-25;Guyane;19;0;0;5
2021-07-02;Amiens;15;0;0;5
2021-07-02;Strasbourg;14;0;0;5
2021-07-02;Besançon;13;0;0;5
2021-07-02;Dijon;8;0;0;5
2021-07-02;Corse;1;0;0;5
2021-07-02;Clermont-Ferrand;5;1;0;5
2021-07-02;Mayotte;0;0;0;5
2020-09-18;Lille;;23;0;2
2020-09-18;Reims;;3;0;2
2020-09-18;Besançon;;1;0;2
2020-09-18;Montpellier;;2;0;2
2020-09-25;Reims;12;0;0;2
2020-09-25;Strasbourg;34;1;0;2
2020-09-25;Lyon;201;0;0;2
2020-09-25;Grenoble;7;1;0;2
2020-09-25;Clermont-Ferrand;7;1;0;2
2020-09-25;Orléans-Tours;24;1;0;2
2020-09-25;Normandie;63;0;0;2
2020-09-25;Paris;18;0;0;2
2020-10-02;Reims;1;0;0;2
2020-10-02;Aix-Marseille;1;6;0;2
2020-10-09;Reims;3;0;0;2
2020-10-09;Corse;0;0;0;2
2020-10-16;Amiens;20;0;0;2
2020-10-16;Reims;3;1;0;2
2020-10-16;Aix-Marseille;19;7;0;2
2020-10-16;Montpellier;62;1;0;2
2020-10-16;Bordeaux;7;0;0;2
2020-10-16;Poitiers;5;1;0;2
2020-10-16;Clermont-Ferrand;8;0;0;2
2020-10-16;Nantes;6;0;0;2
2020-10-16;Versailles;9;0;0;2
2020-10-16;Guyane;0;5;0;2
2020-10-16;Mayotte;0;0;0;2
2020-11-06;Lille;1;1;0;2
2020-11-06;Amiens;0;0;0;2
2020-11-06;Corse;0;0;0;2
2020-11-06;Toulouse;0;0;0;2
2020-11-06;Poitiers;0;0;0;2
2020-11-06;Orléans-Tours;0;0;0;2
2020-11-06;Nantes;0;0;0;2
2020-11-06;Rennes;0;0;0;2
2020-11-06;Normandie;0;1;0;2
2020-11-06;Martinique;0;0;0;2
2020-11-13;Strasbourg;9;0;0;2
2020-11-13;Poitiers;0;2;0;2
2020-11-13;Clermont-Ferrand;4;1;0;2
2020-11-13;Orléans-Tours;11;1;0;2
2020-11-13;Rennes;1;0;0;2
2020-11-20;Amiens;3;0;0;2
2020-11-20;Reims;0;5;0;2
2020-11-20;Nancy-Metz;3;0;0;2
2020-11-20;Strasbourg;3;0;0;2
2020-11-20;Besançon;13;0;0;2
2020-11-20;Dijon;2;0;0;2
2020-11-20;Bordeaux;4;0;0;2
2020-11-20;Nantes;5;1;0;2
2020-11-20;Paris;9;1;0;2
2020-11-20;Guyane;3;0;0;2
2020-11-27;Nancy-Metz;3;0;0;2
2020-11-27;Corse;0;0;0;2
2020-11-27;Guadeloupe;1;0;0;2
2020-12-04;Besançon;7;0;0;2
2020-12-04;Orléans-Tours;4;0;0;2
2020-12-04;Nantes;0;0;0;2
2020-12-04;Guadeloupe;0;0;0;2
2020-12-11;Strasbourg;3;0;0;2
2020-12-11;Clermont-Ferrand;1;1;0;2
2020-12-11;Créteil;1;0;0;2
2020-12-11;La Réunion;0;0;0;2
2020-12-11;Mayotte;0;0;0;2
2020-12-18;Amiens;5;2;0;2
2020-12-18;Nancy-Metz;10;2;0;2
2020-12-18;Strasbourg;3;1;0;2
2020-12-18;Dijon;2;2;0;2
2020-12-18;Aix-Marseille;8;4;0;2
2020-12-18;Nantes;5;0;0;2
2020-12-18;Rennes;1;0;0;2
2020-12-18;Martinique;0;0;0;2
2021-01-08;Grenoble;0;0;0;2
2021-01-08;Nice;0;0;0;2
2021-01-08;Normandie;3;0;0;2
2021-01-08;Paris;0;0;0;2
2021-01-08;Mayotte;0;0;0;2
2021-01-15;Lille;4;2;0;2
2021-01-15;Reims;5;0;0;2
2021-01-15;Besançon;9;0;0;2
2021-01-15;Lyon;3;0;0;2
2021-01-15;Rennes;9;0;0;2
2021-01-22;Amiens;13;1;0;2
2021-01-22;Toulouse;18;11;0;2
2021-01-22;Limoges;13;1;0;2
2021-01-22;Orléans-Tours;20;7;0;2
2021-01-22;Paris;32;0;0;2
2021-01-22;Martinique;0;0;0;2
2021-01-29;Amiens;18;2;0;2
2021-01-29;Reims;15;3;0;2
2021-01-29;Nancy-Metz;13;4;0;2
2021-01-29;Lyon;16;2;0;2
2021-01-29;Corse;0;0;0;2
2021-01-29;Rennes;12;3;0;2
2021-01-29;Guyane;0;0;0;2
2021-02-05;Strasbourg;37;4;0;2
2021-02-05;Lyon;43;2;0;2
2021-02-05;Limoges;13;7;0;2
2021-02-05;Créteil;119;4;0;2
2021-02-05;Guyane;0;0;0;2
2021-02-12;Lille;112;9;0;2
2021-02-12;Besançon;;;1;2
2021-02-12;Lyon;;;1;2
2021-02-12;Corse;6;0;0;2
2021-02-12;Montpellier;80;7;0;2
2021-02-12;Clermont-Ferrand;;;1;2
2021-02-12;Normandie;50;2;0;2
2021-02-12;Paris;99;3;0;2
2021-02-12;Guyane;0;0;0;2
2021-02-19;Lille;165;11;0;3
2021-02-19;Grenoble;;;1;3
2021-02-19;Bordeaux;;;1;3
2021-02-26;Nancy-Metz;;;1;3
2021-02-26;Besançon;3;0;0;3
2021-02-26;Dijon;0;0;0;3
2021-02-26;Lyon;5;0;0;3
2021-02-26;Rennes;;;1;3
2021-02-26;Normandie;;;1;3
2021-03-05;Dijon;13;0;0;3
2021-03-05;Montpellier;1;0;0;3
2021-03-05;Créteil;25;0;0;3
2021-03-05;Guyane;0;0;0;3
2021-03-05;Mayotte;;;confinement;3
2021-03-12;Nice;4;0;0;3
2021-03-12;Nantes;11;0;0;3
2021-03-12;Guadeloupe;6;0;0;3
2021-03-12;Mayotte;;;confinement;3
2021-03-19;Amiens;85;0;0;3
2021-03-19;Strasbourg;53;1;0;3
2021-03-19;Lyon;24;2;0;3
2021-03-19;Martinique;4;0;0;3
2021-03-19;La Réunion;;;1;3
2021-03-26;Strasbourg;113;1;0;3
2021-03-26;Lyon;177;3;0;3
2021-03-26;Nice;58;1;0;3
2021-03-26;Corse;4;0;0;3
2021-03-26;Poitiers;53;2;0;3
2021-03-26;Rennes;108;4;0;3
2021-03-26;Normandie;72;8;0;3
2021-03-26;Versailles;315;11;0;3
2021-03-26;Guadeloupe;2;0;0;3
2021-03-26;Martinique;11;2;0;3
2021-04-02;Reims;201;4;0;4
2021-04-02;Bordeaux;53;2;0;4
2021-04-02;Martinique;0;0;0;4
2021-04-30;Lille;63;3;0;5
2021-04-30;Reims;10;0;0;5
2021-04-30;Nancy-Metz;58;0;0;5
2021-04-30;Strasbourg;45;0;0;5
2021-04-30;Versailles;123;0;0;5
2021-04-30;La Réunion;0;0;0;5
2021-04-30;Mayotte;2;0;0;5
2021-05-07;Lille;318;3;0;5
2021-05-07;Clermont-Ferrand;95;2;0;5
2021-05-07;Nantes;198;1;0;5
2021-05-07;Normandie;306;1;0;5
2021-05-07;Paris;189;0;0;5
2021-05-07;Guadeloupe;0;0;0;5
2021-05-21;Lille;387;1;0;5
2021-05-21;Reims;86;2;0;5
2021-05-21;Nancy-Metz;139;1;0;5
2021-05-21;Grenoble;117;1;0;5
2021-05-21;Montpellier;151;3;0;5
2021-05-21;Toulouse;164;1;0;5
2021-05-21;Clermont-Ferrand;75;0;0;5
2021-05-21;Orléans-Tours;249;3;0;5
2021-05-21;Guadeloupe;6;0;0;5
2021-05-28;Lyon;244;0;0;5
2021-05-28;Nice;81;0;0;5
2021-05-28;Poitiers;58;1;0;5
2021-05-28;Guadeloupe;6;0;0;5
2021-05-28;La Réunion;28;0;0;5
2021-06-04;Montpellier;37;1;0;5
2021-06-04;Limoges;44;0;0;5
2021-06-04;Orléans-Tours;277;0;0;5
2021-06-11;Dijon;87;4;0;5
2021-06-11;Bordeaux;151;4;0;5
2021-06-11;Rennes;111;1;0;5
2021-06-18;Amiens;41;0;0;5
2021-06-18;Aix-Marseille;15;1;0;5
2021-06-18;Créteil;132;0;0;5
2021-06-18;Mayotte;1;0;0;5
2021-06-25;Reims;8;0;0;5
2021-06-25;Besançon;13;0;0;5
2021-06-25;Grenoble;15;0;0;5
2021-06-25;Nice;19;0;0;5
2021-06-25;Montpellier;11;1;0;5
2021-06-25;Clermont-Ferrand;8;2;0;5
2021-06-25;Versailles;95;0;0;5
2021-06-25;Créteil;71;0;0;5
2021-06-25;Paris;13;0;0;5
2021-07-02;Lille;34;0;0;5
2021-07-02;Reims;4;0;0;5
2021-07-02;Nice;5;1;0;5
2021-07-02;Toulouse;34;0;0;5
2021-07-02;Orléans-Tours;24;0;0;5
2021-07-02;Créteil;37;0;0;5
2020-09-18;Aix-Marseille;;11;0;2
2020-09-18;Nice;;0;0;2
2020-09-18;Versailles;;6;0;2
2020-09-18;Paris;;0;0;2
2020-09-18;Guyane;;1;0;2
2020-09-18;La Réunion;;0;0;2
2020-09-25;Toulouse;27;0;0;2
2020-09-25;Bordeaux;38;2;0;2
2020-09-25;Poitiers;7;2;0;2
2020-09-25;Nantes;138;0;0;2
2020-10-02;Amiens;2;0;0;2
2020-10-02;Nancy-Metz;3;0;0;2
2020-10-02;Corse;0;0;0;2
2020-10-02;Toulouse;17;1;0;2
2020-10-02;Poitiers;0;0;0;2
2020-10-02;Limoges;6;0;0;2
2020-10-02;Clermont-Ferrand;2;1;0;2
2020-10-02;Créteil;16;0;0;2
2020-10-02;Paris;15;0;0;2
2020-10-02;Mayotte;0;0;0;2
2020-10-09;Besançon;2;0;0;2
2020-10-09;Lyon;20;0;0;2
2020-10-09;Bordeaux;10;0;0;2
2020-10-09;Limoges;6;0;0;2
2020-10-09;Nantes;3;0;0;2
2020-10-09;Créteil;13;4;0;2
2020-10-09;La Réunion;0;0;0;2
2020-10-16;Lille;38;1;0;2
2020-10-16;Orléans-Tours;9;0;0;2
2020-10-16;Martinique;6;0;0;2
2020-11-06;Besançon;0;0;0;2
2020-11-06;Paris;1;0;0;2
2020-11-06;Mayotte;0;0;0;2
2020-11-13;Lille;12;2;0;2
2020-11-13;Amiens;6;0;0;2
2020-11-13;Dijon;0;0;0;2
2020-11-13;Versailles;8;1;0;2
2020-11-13;Créteil;18;0;0;2
2020-11-13;Guadeloupe;0;0;0;2
2020-11-13;Guyane;0;5;0;2
2020-11-20;Normandie;2;0;0;2
2020-11-20;Versailles;14;3;0;2
2020-11-20;La Réunion;2;0;0;2
2020-11-27;Lille;9;0;0;2
2020-11-27;Besançon;13;0;0;2
2020-11-27;Grenoble;12;2;0;2
2020-11-27;Toulouse;7;2;0;2
2020-11-27;Bordeaux;4;0;0;2
2020-11-27;Limoges;1;0;0;2
2020-11-27;Normandie;2;0;0;2
2020-11-27;Versailles;14;3;0;2
2020-11-27;Martinique;2;0;0;2
2020-12-04;Dijon;5;0;0;2
2020-12-04;Nice;2;0;0;2
2020-12-04;Corse;0;1;0;2
2020-12-04;La Réunion;2;0;0;2
2020-12-11;Reims;0;;0;2
2020-12-11;Dijon;4;0;0;2
2020-12-11;Lyon;3;0;0;2
2020-12-11;Aix-Marseille;13;0;0;2
2020-12-11;Corse;0;0;0;2
2020-12-11;Orléans-Tours;3;2;0;2
2020-12-11;Guadeloupe;0;0;0;2
2020-12-11;Martinique;0;0;0;2
2020-12-18;Reims;2;1;0;2
2020-12-18;Besançon;10;0;0;2
2020-12-18;Grenoble;17;2;0;2
2020-12-18;Normandie;0;2;0;2
2020-12-18;Paris;7;0;0;2
2020-12-18;La Réunion;0;0;0;2
2021-01-08;Nancy-Metz;0;0;0;2
2021-01-08;Strasbourg;0;0;0;2
2021-01-08;Corse;0;0;0;2
2021-01-08;Montpellier;1;0;0;2
2021-01-08;Toulouse;2;0;0;2
2021-01-08;Bordeaux;2;0;0;2
2021-01-08;Versailles;0;0;0;2
2021-01-15;Amiens;0;0;0;2
2021-01-15;Montpellier;22;1;0;2
2021-01-15;Toulouse;2;1;0;2
2021-01-15;La Réunion;0;0;0;2
2021-01-22;Besançon;15;1;0;2
2021-01-22;Créteil;11;3;0;2
2021-01-22;Guyane;0;2;0;2
2021-01-29;Limoges;2;4;0;2
2021-01-29;Versailles;20;7;0;2
2021-02-05;Amiens;24;1;0;2
2021-02-05;Reims;23;4;0;2
2021-02-05;Besançon;20;0;0;2
2021-02-05;Grenoble;46;10;0;2
2021-02-05;Corse;2;0;0;2
2021-02-05;Versailles;77;5;0;2
2021-02-05;Paris;50;0;0;2
2021-02-05;Martinique;1;1;0;2
2021-02-12;Amiens;71;0;0;2
2021-02-12;Dijon;;;1;2
2021-02-12;Aix-Marseille;85;7;0;2
2021-02-12;Limoges;;;1;2
2021-02-12;Guadeloupe;0;0;0;2
2021-02-12;Martinique;0;0;0;2
2021-02-12;La Réunion;6;0;0;2
2021-02-19;Reims;35;1;0;3
2021-02-19;Nice;76;0;0;3
2021-02-19;Montpellier;;;1;3
2021-02-19;Limoges;;;1;3
2021-02-19;Orléans-Tours;67;6;0;3
2021-02-19;Nantes;22;5;0;3
2021-02-19;Normandie;37;1;0;3
2021-02-19;Créteil;;;1;3
2021-02-19;Paris;;;1;3
2021-02-19;Guyane;;;1;3
2021-02-26;Lille;;;1;3
2021-02-26;Aix-Marseille;;;1;3
2021-02-26;Corse;;;1;3
2021-02-26;Montpellier;;;1;3
2021-02-26;Clermont-Ferrand;0;0;0;3
2021-03-05;Reims;;;1;3
2021-03-05;Nancy-Metz;;;1;3
2021-03-05;Grenoble;44;3;0;3
2021-03-05;Aix-Marseille;;;1;3
2021-03-05;Corse;0;0;0;3
2021-03-05;Toulouse;20;0;0;3
2021-03-05;Limoges;11;3;0;3
2021-03-05;Clermont-Ferrand;7;0;0;3
2021-03-05;Normandie;;;1;3
2021-03-05;Guadeloupe;4;0;0;3
2021-03-05;La Réunion;106;0;0;3
2021-03-12;Lille;9;0;0;3
2021-03-12;Reims;0;0;0;3
2021-03-12;Nancy-Metz;24;1;0;3
2021-03-12;Dijon;12;0;0;3
2021-03-12;Montpellier;71;2;0;3
2021-03-12;Poitiers;23;1;0;3
2021-03-12;Limoges;20;5;0;3
2021-03-12;Guyane;0;0;0;3
2021-03-19;Reims;29;0;0;3
2021-03-19;Besançon;70;3;0;3
2021-03-19;Montpellier;76;5;0;3
2021-03-19;Toulouse;119;11;0;3
2021-03-19;Orléans-Tours;44;9;0;3
2021-03-19;Créteil;222;7;0;3
2021-03-19;Paris;112;0;0;3
2021-03-26;Aix-Marseille;102;13;0;3
2021-03-26;Toulouse;179;13;0;3
2021-03-26;Orléans-Tours;73;4;0;3
2021-03-26;Guyane;0;0;0;3
2021-04-02;Nancy-Metz;232;5;0;4
2021-04-02;Strasbourg;116;4;0;4
2021-04-02;Besançon;131;3;0;4
2021-04-02;Aix-Marseille;155;28;0;4
2021-04-02;Nice;412;6;0;4
2021-04-02;Toulouse;208;17;0;4
2021-04-02;Orléans-Tours;131;19;0;4
2021-04-02;Nantes;220;9;0;4
2021-04-02;Guadeloupe;0;0;0;4
2021-04-02;La Réunion;65;0;0;4
2021-04-30;Amiens;60;0;0;5
2021-04-30;Lyon;92;0;0;5
2021-04-30;Aix-Marseille;44;0;0;5
2021-04-30;Corse;3;0;0;5
2021-04-30;Montpellier;50;2;0;5
2021-04-30;Bordeaux;19;0;0;5
2021-04-30;Clermont-Ferrand;17;5;0;5
2021-04-30;Nantes;40;0;0;5
2021-04-30;Normandie;45;2;0;5
2021-04-30;Guadeloupe;4;0;0;5
2021-05-07;Nancy-Metz;128;1;0;5
2021-05-07;Corse;16;0;0;5
2021-05-07;Toulouse;211;3;0;5
2021-05-07;Poitiers;39;0;0;5
2021-05-07;Rennes;210;1;0;5
2021-05-07;Guyane;32;1;0;5
2021-05-07;La Réunion;0;0;0;5
2021-05-21;Strasbourg;159;0;0;5
2021-05-21;Dijon;177;0;0;5
2021-05-21;Lyon;244;0;0;5
2021-05-21;Nantes;423;3;0;5
2021-05-21;Rennes;212;0;0;5
2021-05-21;La Réunion;8;0;0;5
2021-05-28;Reims;62;2;0;5
2021-05-28;Besançon;126;0;0;5
2021-05-28;Grenoble;157;1;0;5
2021-05-28;Aix-Marseille;127;1;0;5
2021-05-28;Corse;4;0;0;5
2021-05-28;Limoges;47;2;0;5
2021-05-28;Orléans-Tours;292;2;0;5
2021-05-28;Nantes;390;2;0;5
2021-05-28;Versailles;616;0;0;5
2021-05-28;Créteil;519;1;0;5
2021-05-28;Martinique;6;0;0;5
2021-05-28;Guyane;5;0;0;5
2021-06-04;Reims;67;0;0;5
2021-06-04;Strasbourg;205;0;0;5
2021-06-04;Dijon;172;6;0;5
2021-06-04;Aix-Marseille;162;0;0;5
2021-06-04;Toulouse;299;2;0;5
2021-06-04;Poitiers;46;1;0;5
2021-06-04;Rennes;162;0;0;5
2021-06-04;Versailles;650;0;0;5
2021-06-04;La Réunion;94;0;0;5
2021-06-11;Besançon;57;0;0;5
2021-06-11;Orléans-Tours;143;0;0;5
2021-06-11;Guyane;4;0;0;5
2021-06-11;La Réunion;24;0;0;5
2021-06-18;Besançon;32;0;0;5
2021-06-18;Lyon;41;0;0;5
2021-06-18;Montpellier;2;0;0;5
2021-06-18;Toulouse;81;0;0;5
2021-06-18;Orléans-Tours;61;1;0;5
2021-06-18;Martinique;0;0;0;5
2021-06-25;Lille;47;0;0;5
2021-06-25;Nancy-Metz;21;0;0;5
2021-06-25;Lyon;22;0;0;5
2021-06-25;Aix-Marseille;9;0;0;5
2021-06-25;Toulouse;52;1;0;5
2021-06-25;Normandie;30;1;0;5
2021-06-25;Guadeloupe;0;0;0;5
2021-07-02;Poitiers;2;0;0;5
2021-07-02;Rennes;18;0;0;5
2021-07-02;Versailles;23;0;0;5
2020-09-18;Nancy-Metz;;1;0;2
2020-09-18;Corse;;0;0;2
2020-09-18;Bordeaux;;8;0;2
2020-09-18;Limoges;;0;0;2
2020-09-18;Nantes;;0;0;2
2020-09-18;Rennes;;2;0;2
2020-09-18;Normandie;;2;0;2
2020-09-25;Dijon;3;0;0;2
2020-09-25;Aix-Marseille;24;1;0;2
2020-09-25;Montpellier;42;0;0;2
2020-09-25;Limoges;4;0;0;2
2020-09-25;Versailles;125;1;0;2
2020-09-25;Créteil;39;4;0;2
2020-09-25;Guadeloupe;0;0;0;2
2020-09-25;Martinique;13;0;0;2
2020-10-02;Besançon;1;0;0;2
2020-10-02;Montpellier;26;0;0;2
2020-10-02;Bordeaux;16;0;0;2
2020-10-02;Rennes;9;0;0;2
2020-10-02;Guadeloupe;0;0;0;2
2020-10-02;Martinique;8;0;0;2
2020-10-09;Amiens;3;0;0;2
2020-10-09;Grenoble;3;2;0;2
2020-10-09;Toulouse;12;0;0;2
2020-10-09;Clermont-Ferrand;3;2;0;2
2020-10-09;Guadeloupe;0;0;0;2
2020-10-09;Martinique;5;0;0;2
2020-10-16;Nancy-Metz;1;0;0;2
2020-10-16;Dijon;7;4;0;2
2020-10-16;Nice;2;0;0;2
2020-10-16;Corse;1;0;0;2
2020-10-16;Toulouse;16;0;0;2
2020-10-16;Normandie;1;0;0;2
2020-10-16;Créteil;19;3;0;2
2020-10-16;Guadeloupe;0;0;0;2
2020-10-16;La Réunion;1;0;0;2
2020-11-06;Nancy-Metz;0;0;0;2
2020-11-06;Lyon;0;1;0;2
2020-11-06;La Réunion;2;0;0;2
2020-11-13;Grenoble;5;2;0;2
2020-11-13;Toulouse;12;1;0;2
2020-11-13;Bordeaux;8;0;0;2
2020-11-13;Limoges;3;0;0;2
2020-11-20;Lille;9;0;0;2
2020-11-20;Corse;0;0;0;2
2020-11-20;Montpellier;6;1;0;2
2020-11-20;Toulouse;7;2;0;2
2020-11-20;Orléans-Tours;9;0;0;2
2020-11-20;Rennes;5;0;0;2
2020-11-20;Guadeloupe;1;0;0;2
2020-11-20;Martinique;2;0;0;2
2020-11-20;Mayotte;0;0;0;2
2020-11-27;Reims;0;5;0;2
2020-11-27;Aix-Marseille;7;2;0;2
2020-11-27;Orléans-Tours;9;0;0;2
2020-11-27;Nantes;5;1;0;2
2020-11-27;Rennes;5;0;0;2
2020-12-04;Reims;9;1;0;2
2020-12-04;Poitiers;4;0;0;2
2020-12-04;Limoges;0;0;0;2
2020-12-04;Rennes;5;0;0;2
2020-12-04;Normandie;4;0;0;2
2020-12-11;Lille;1;0;0;2
2020-12-11;Besançon;18;0;0;2
2020-12-11;Montpellier;15;1;0;2
2020-12-11;Limoges;4;0;0;2
2020-12-11;Paris;2;0;0;2
2020-12-18;Corse;0;0;0;2
2020-12-18;Montpellier;9;2;0;2
2020-12-18;Toulouse;6;2;0;2
2020-12-18;Bordeaux;9;6;0;2
2021-01-08;Amiens;0;0;0;2
2021-01-08;Dijon;0;0;0;2
2021-01-08;Lyon;0;0;0;2
2021-01-08;Aix-Marseille;0;0;0;2
2021-01-08;Poitiers;0;0;0;2
2021-01-08;Clermont-Ferrand;0;0;0;2
2021-01-08;Nantes;0;0;0;2
2021-01-08;Créteil;0;0;0;2
2021-01-15;Aix-Marseille;7;8;0;2
2021-01-15;Limoges;2;0;0;2
2021-01-15;Orléans-Tours;9;1;0;2
2021-01-15;Normandie;0;0;0;2
2021-01-15;Versailles;13;1;0;2
2021-01-15;Martinique;0;0;0;2
2021-01-15;Guyane;4;0;0;2
2021-01-22;Grenoble;9;5;0;2
2021-01-22;Nice;16;4;0;2
2021-01-22;Bordeaux;14;6;0;2
2021-01-22;Nantes;10;1;0;2
2021-01-22;Guadeloupe;1;0;0;2
2021-01-29;Lille;18;1;0;2
2021-01-29;Strasbourg;14;2;0;2
2021-01-29;Dijon;12;2;0;2
2021-01-29;Poitiers;7;0;0;2
2021-01-29;Paris;41;0;0;2
2021-01-29;Martinique;0;0;0;2
2021-01-29;La Réunion;0;0;0;2
2021-02-05;Dijon;13;2;0;2
2021-02-05;Toulouse;73;9;0;2
2021-02-05;Bordeaux;42;5;0;2
2021-02-05;Poitiers;32;2;0;2
2021-02-05;Orléans-Tours;32;7;0;2
2021-02-05;Nantes;13;1;0;2
2021-02-12;Reims;72;6;0;2
2021-02-12;Poitiers;;;1;2
2021-02-12;Nantes;35;1;0;2
2021-02-12;Rennes;56;2;0;2
2021-02-12;Créteil;228;3;0;2
2021-02-19;Dijon;;;1;3
2021-02-19;Toulouse;;;1;3
2021-02-19;Poitiers;;;1;3
2021-02-19;La Réunion;33;1;1;3
2021-02-26;Reims;;;1;3
2021-02-26;Strasbourg;;;1;3
2021-02-26;Guadeloupe;1;0;0;3
2021-02-26;Martinique;0;0;0;3
2021-02-26;Mayotte;;;confinement;3
2021-03-05;Lille;;;1;3
2021-03-05;Strasbourg;;;1;3
2021-03-05;Bordeaux;10;2;0;3
2021-03-05;Poitiers;19;3;0;3
2021-03-05;Rennes;;;1;3
2021-03-05;Paris;5;0;0;3
2021-03-12;Strasbourg;3;0;0;3
2021-03-12;Paris;34;0;0;3
2021-03-19;Nancy-Metz;259;5;0;3
2021-03-19;Grenoble;59;5;0;3
2021-03-19;Aix-Marseille;61;1;0;3
2021-03-19;Nice;27;0;0;3
2021-03-19;Normandie;49;4;0;3
2021-03-19;Mayotte;22;4;0;3
2021-03-26;Dijon;25;2;0;3
2021-03-26;Bordeaux;66;3;0;3
2021-04-02;Amiens;541;3;0;4
2021-04-02;Montpellier;131;16;0;4
2021-04-02;Paris;977;6;0;4
2021-04-30;Besançon;24;0;0;5
2021-04-30;Dijon;17;0;0;5
2021-04-30;Grenoble;48;0;0;5
2021-04-30;Nice;28;0;0;5
2021-04-30;Toulouse;87;1;0;5
2021-04-30;Orléans-Tours;38;0;0;5
2021-04-30;Créteil;73;1;0;5
2021-04-30;Martinique;0;0;0;5
2021-05-07;Reims;113;1;0;5
2021-05-07;Besançon;124;0;0;5
2021-05-07;Lyon;144;0;0;5
2021-05-07;Grenoble;184;1;0;5
2021-05-07;Bordeaux;144;1;0;5
2021-05-07;Créteil;510;1;0;5
2021-05-07;Martinique;0;0;0;5
2021-05-21;Amiens;259;0;0;5
2021-05-21;Corse;9;0;0;5
2021-05-21;Limoges;35;1;0;5
2021-05-21;Guyane;8;0;0;5
2021-05-21;Mayotte;3;0;0;5
2021-05-28;Strasbourg;210;0;0;5
2021-05-28;Clermont-Ferrand;83;0;0;5
2021-05-28;Rennes;184;1;0;5
2021-05-28;Normandie;341;1;0;5
2021-05-28;Mayotte;3;0;0;5
2021-06-04;Lille;371;1;0;5
2021-06-04;Amiens;188;0;0;5
2021-06-04;Nice;71;0;0;5
2021-06-04;Bordeaux;258;4;0;5
2021-06-04;Clermont-Ferrand;80;1;0;5
2021-06-04;Paris;160;0;0;5
2021-06-11;Strasbourg;137;0;0;5
2021-06-11;Lyon;132;0;0;5
2021-06-11;Corse;11;0;0;5
2021-06-11;Montpellier;42;2;0;5
2021-06-11;Clermont-Ferrand;45;0;0;5
2021-06-11;Versailles;277;0;0;5
2021-06-11;Guadeloupe;4;0;0;5
2021-06-18;Reims;3;0;0;5
2021-06-18;Nancy-Metz;30;0;0;5
2021-06-18;Strasbourg;72;0;0;5
2021-06-18;Corse;2;0;0;5
2021-06-18;Poitiers;9;0;0;5
2021-06-18;Nantes;69;0;0;5
2021-06-18;Normandie;84;0;0;5
2021-06-18;Paris;37;0;0;5
2021-06-25;Amiens;15;0;0;5
2021-06-25;Dijon;12;0;0;5
2021-06-25;Corse;0;0;0;5
2021-06-25;Limoges;2;0;0;5
2021-06-25;Orléans-Tours;30;0;0;5
2021-06-25;Nantes;48;1;0;5
2021-06-25;La Réunion;7;0;0;5
2021-06-25;Mayotte;0;0;0;5
2021-07-02;Lyon;11;0;0;5
2021-07-02;Bordeaux;20;0;0;5
2021-07-02;Martinique;0;0;0;5
2021-07-02;La Réunion;0;0;0;5
2020-09-18;Strasbourg;;1;0;2
2020-09-18;Lyon;;4;0;2
2020-09-18;Grenoble;;3;0;2
2020-09-18;Orléans-Tours;;2;0;2
2020-09-18;Guadeloupe;;0;0;2
2020-09-18;Mayotte;;1;0;2
2020-09-25;Lille;148;2;0;2
2020-09-25;Mayotte;0;0;0;2
2020-10-02;Strasbourg;0;0;0;2
2020-10-02;Normandie;0;1;0;2
2020-10-02;Guyane;3;5;0;2
2020-10-09;Lille;11;1;0;2
2020-10-09;Strasbourg;1;0;0;2
2020-10-09;Aix-Marseille;3;7;0;2
2020-10-09;Nice;4;0;0;2
2020-10-09;Poitiers;3;0;0;2
2020-10-09;Rennes;2;2;0;2
2020-10-09;Normandie;7;0;0;2
2020-10-09;Versailles;6;1;0;2
2020-10-09;Paris;7;0;0;2
2020-10-09;Guyane;3;5;0;2
2020-10-09;Mayotte;0;0;0;2
2020-10-16;Strasbourg;5;0;0;2
2020-10-16;Besançon;8;0;0;2
2020-10-16;Grenoble;10;2;0;2
2020-10-16;Rennes;3;1;0;2
2020-11-06;Nice;0;0;0;2
2020-11-06;Bordeaux;0;0;0;2
2020-11-06;Limoges;0;0;0;2
2020-11-06;Versailles;0;0;0;2
2020-11-06;Créteil;2;1;0;2
2020-11-06;Guadeloupe;0;0;0;2
2020-11-13;Reims;3;0;0;2
2020-11-13;Nancy-Metz;0;1;0;2
2020-11-13;Aix-Marseille;4;2;0;2
2020-11-13;Corse;0;0;0;2
2020-11-13;Normandie;0;0;0;2
2020-11-13;Paris;2;0;0;2
2020-11-13;Martinique;0;0;0;2
2020-11-13;Mayotte;0;0;0;2
2020-11-20;Lyon;0;1;0;2
2020-11-20;Poitiers;4;1;0;2
2020-11-20;Limoges;1;0;0;2
2020-11-20;Créteil;5;0;0;2
2020-11-27;Strasbourg;3;0;0;2
2020-11-27;Montpellier;6;1;0;2
2020-11-27;Poitiers;4;1;0;2
2020-11-27;Paris;9;1;0;2
2020-11-27;Guyane;3;0;0;2
2020-11-27;La Réunion;2;0;0;2
2020-11-27;Mayotte;0;0;0;2
2020-12-04;Lille;6;0;0;2
2020-12-04;Amiens;0;0;0;2
2020-12-04;Nancy-Metz;1;0;0;2
2020-12-04;Grenoble;7;0;0;2
2020-12-04;Aix-Marseille;6;2;0;2
2020-12-04;Créteil;1;0;0;2
2020-12-04;Mayotte;0;0;0;2
2020-12-11;Nancy-Metz;4;1;0;2
2020-12-11;Guyane;2;0;0;2
2020-12-18;Poitiers;6;3;0;2
2020-12-18;Clermont-Ferrand;2;1;0;2
2020-12-18;Guyane;2;0;0;2
2021-01-08;Lille;1;2;0;2
2021-01-08;Besançon;0;0;0;2
2021-01-08;Limoges;0;0;0;2
2021-01-08;Orléans-Tours;0;0;0;2
2021-01-08;Martinique;0;0;0;2
2021-01-15;Nancy-Metz;3;0;0;2
2021-01-15;Strasbourg;4;0;0;2
2021-01-15;Dijon;3;0;0;2
2021-01-15;Nice;5;0;0;2
2021-01-15;Corse;1;0;0;2
2021-01-15;Clermont-Ferrand;0;1;0;2
2021-01-15;Paris;7;0;0;2
2021-01-22;Lille;34;2;0;2
2021-01-22;Reims;7;1;0;2
2021-01-22;Strasbourg;9;0;0;2
2021-01-22;Lyon;11;0;0;2
2021-01-22;Aix-Marseille;21;9;0;2
2021-01-22;Montpellier;42;1;0;2
2021-01-22;Poitiers;4;0;0;2
2021-01-22;Versailles;14;1;0;2
2021-01-22;Mayotte;0;0;0;2
2021-01-29;Aix-Marseille;28;11;0;2
2021-01-29;Montpellier;40;3;0;2
2021-01-29;Nantes;13;4;0;2
2021-01-29;Créteil;18;6;0;2
2021-02-05;Aix-Marseille;65;6;0;2
2021-02-05;Montpellier;25;8;0;2
2021-02-05;Normandie;20;2;0;2
2021-02-05;Guadeloupe;2;0;0;2
2021-02-12;Nancy-Metz;88;8;0;2
2021-02-12;Strasbourg;110;9;0;2
2021-02-12;Grenoble;;;1;2
2021-02-12;Nice;60;6;0;2
2021-02-12;Toulouse;136;18;0;2
2021-02-12;Bordeaux;;;1;2
2021-02-12;Versailles;261;1;0;2
2021-02-12;Mayotte;;;confinement;2
2021-02-19;Amiens;50;3;0;3
2021-02-19;Besançon;;;1;3
2021-02-19;Aix-Marseille;49;8;0;3
2021-02-19;Corse;;;1;3
2021-02-19;Rennes;62;2;0;3
2021-02-19;Martinique;;;1;3
2021-02-26;Amiens;;;1;3
2021-02-26;Bordeaux;2;0;0;3
2021-02-26;Limoges;2;0;0;3
2021-02-26;Orléans-Tours;;;1;3
2021-02-26;Guyane;;;1;3
2021-03-05;Amiens;;;1;3
2021-03-05;Besançon;22;0;0;3
2021-03-05;Orléans-Tours;;;1;3
2021-03-05;Versailles;105;3;0;3
2021-03-05;Martinique;2;0;0;3
2021-03-12;Amiens;0;1;0;3
2021-03-12;Aix-Marseille;13;1;0;3
2021-03-12;Corse;6;0;0;3
2021-03-12;Toulouse;100;3;0;3
2021-03-12;Bordeaux;34;3;0;3
2021-03-12;Clermont-Ferrand;13;2;0;3
2021-03-12;Orléans-Tours;0;0;0;3
2021-03-12;Normandie;8;0;0;3
2021-03-12;Versailles;177;1;0;3
2021-03-12;Créteil;96;0;0;3
2021-03-12;Martinique;1;1;0;3
2021-03-19;Dijon;22;0;0;3
2021-03-19;Poitiers;52;1;0;3
2021-03-19;Limoges;26;5;0;3
2021-03-19;Nantes;77;0;0;3
2021-03-19;Rennes;57;1;0;3
2021-03-19;Guadeloupe;0;0;0;3
2021-03-19;Guyane;0;0;0;3
2021-03-26;Lille;180;12;0;3
2021-03-26;Reims;70;3;0;3
2021-03-26;Besançon;88;1;0;3
2021-03-26;Clermont-Ferrand;20;1;0;3
2021-03-26;La Réunion;0;0;0;3
2021-04-02;Corse;1;0;0;4
2021-04-02;Limoges;30;6;0;4
2021-04-02;Clermont-Ferrand;47;4;0;4
2021-04-02;Rennes;147;7;0;4
2021-04-02;Versailles;2168;20;0;4
2021-04-30;Poitiers;15;1;0;5
2021-04-30;Rennes;61;0;0;5
2021-04-30;Guyane;8;3;0;5
2021-05-07;Amiens;241;0;0;5
2021-05-07;Aix-Marseille;166;1;0;5
2021-05-07;Nice;131;0;0;5
2021-05-07;Limoges;65;3;0;5
2021-05-07;Versailles;746;1;0;5
2021-05-07;Mayotte;0;0;0;5
2021-05-21;Besançon;67;0;0;5
2021-05-21;Nice;56;0;0;5
2021-05-21;Poitiers;55;0;0;5
2021-05-21;Normandie;277;1;0;5
2021-05-21;Créteil;605;0;0;5
2021-05-21;Paris;170;1;0;5
2021-05-21;Martinique;6;0;0;5
2021-05-28;Nancy-Metz;173;0;0;5
2021-05-28;Montpellier;109;0;0;5
2021-05-28;Toulouse;228;5;0;5
2021-05-28;Bordeaux;214;3;0;5
2021-05-28;Paris;173;0;0;5
2021-06-04;Besançon;109;0;0;5
2021-06-04;Lyon;228;0;0;5
2021-06-04;Grenoble;181;1;0;5
2021-06-04;Corse;10;0;0;5
2021-06-04;Nantes;330;0;0;5
2021-06-04;Normandie;340;1;0;5
2021-06-04;Créteil;442;0;0;5
2021-06-04;Guadeloupe;0;0;0;5
2021-06-04;Mayotte;0;0;0;5
2021-06-11;Lille;187;0;0;5
2021-06-11;Reims;35;0;0;5
2021-06-11;Nice;53;1;0;5
2021-06-11;Nantes;237;0;0;5
2021-06-11;Créteil;231;0;0;5
2021-06-11;Paris;81;0;0;5
2021-06-11;Martinique;1;0;0;5
2021-06-11;Mayotte;0;0;0;5
2021-06-18;Lille;115;0;0;5
2021-06-18;Guyane;19;0;0;5
2021-06-25;Strasbourg;28;0;0;5
2021-06-25;Bordeaux;48;3;0;5
2021-06-25;Poitiers;3;0;0;5
2021-06-25;Rennes;28;0;0;5
2021-07-02;Nancy-Metz;17;0;0;5
2021-07-02;Grenoble;15;1;0;5
2021-07-02;Aix-Marseille;7;0;0;5
2021-07-02;Montpellier;14;1;0;5
2021-07-02;Limoges;3;0;0;5
2021-07-02;Nantes;6;0;0;5
2021-07-02;Normandie;26;0;0;5
2021-07-02;Paris;15;0;0;5
2021-07-02;Guadeloupe;0;0;0;5
2021-07-02;Guyane;3;0;0;5
